{
    "ascending_array": [
        18.89095736564226,
        58.687093722342595,
        71.41331217383343,
        81.4844203009125,
        88.0153813287759,
        130.40559099093602,
        134.95284890285959,
        156.25476851710562,
        206.366161076693,
        224.8908963286233,
        231.08615375225074,
        234.6263008514664,
        273.0491042817469,
        292.4893948179571,
        294.5341349528489,
        310.6784264656514,
        314.49324015015105,
        341.89886165959655,
        342.53975035859247,
        344.06567583239234,
        381.54240546891685,
        386.7305520798364,
        417.4321726126896,
        426.7708365123448,
        519.4250312814722,
        521.011993774224,
        532.486953337199,
        540.8795434430982,
        547.6546525467696,
        557.6647236548968,
        561.5100558488724,
        607.8981902523881,
        657.0940275276955,
        665.7307657094027,
        702.8412732322154,
        725.3334147160253,
        762.9627368999297,
        777.8252510147404,
        779.5342875453963,
        790.2768028809472,
        814.081240272225,
        855.2201910458693,
        861.3849299600208,
        861.4764854884488,
        872.4021118808557,
        873.8364818262277,
        874.3858149967956,
        879.6655171361431,
        883.6024048585467,
        893.4293649098179,
        921.2927640614032,
        944.2121646778771,
        951.5060884426405,
        980.5902279732658,
        986.0835596789452
    ],
    "descending_array": [
        986.0835596789452,
        980.5902279732658,
        951.5060884426405,
        944.2121646778771,
        921.2927640614032,
        893.4293649098179,
        883.6024048585467,
        879.6655171361431,
        874.3858149967956,
        873.8364818262277,
        872.4021118808557,
        861.4764854884488,
        861.3849299600208,
        855.2201910458693,
        814.081240272225,
        790.2768028809472,
        779.5342875453963,
        777.8252510147404,
        762.9627368999297,
        725.3334147160253,
        702.8412732322154,
        665.7307657094027,
        657.0940275276955,
        607.8981902523881,
        561.5100558488724,
        557.6647236548968,
        547.6546525467696,
        540.8795434430982,
        532.486953337199,
        521.011993774224,
        519.4250312814722,
        426.7708365123448,
        417.4321726126896,
        386.7305520798364,
        381.54240546891685,
        344.06567583239234,
        342.53975035859247,
        341.89886165959655,
        314.49324015015105,
        310.6784264656514,
        294.5341349528489,
        292.4893948179571,
        273.0491042817469,
        234.6263008514664,
        231.08615375225074,
        224.8908963286233,
        206.366161076693,
        156.25476851710562,
        134.95284890285959,
        130.40559099093602,
        88.0153813287759,
        81.4844203009125,
        71.41331217383343,
        58.687093722342595,
        18.89095736564226
    ],
    "difference_sum": 607.8981902523956,
    "duplicates_count": 0,
    "grouped_array_size": 27,
    "initial_array": [
        665.7307657094027,
        273.0491042817469,
        71.41331217383343,
        310.6784264656514,
        702.8412732322154,
        657.0940275276955,
        521.011993774224,
        893.4293649098179,
        951.5060884426405,
        547.6546525467696,
        58.687093722342595,
        294.5341349528489,
        777.8252510147404,
        762.9627368999297,
        980.5902279732658,
        874.3858149967956,
        855.2201910458693,
        519.4250312814722,
        426.7708365123448,
        344.06567583239234,
        156.25476851710562,
        81.4844203009125,
        557.6647236548968,
        861.3849299600208,
        790.2768028809472,
        873.8364818262277,
        341.89886165959655,
        292.4893948179571,
        342.53975035859247,
        88.0153813287759,
        861.4764854884488,
        921.2927640614032,
        872.4021118808557,
        314.49324015015105,
        540.8795434430982,
        386.7305520798364,
        224.8908963286233,
        231.08615375225074,
        206.366161076693,
        130.40559099093602,
        814.081240272225,
        879.6655171361431,
        381.54240546891685,
        134.95284890285959,
        532.486953337199,
        561.5100558488724,
        725.3334147160253,
        234.6263008514664,
        944.2121646778771,
        883.6024048585467,
        18.89095736564226,
        779.5342875453963,
        417.4321726126896,
        986.0835596789452,
        607.8981902523881
    ],
    "initial_array_size": 55,
    "max_value_grouped_array": 1854.9760429700614,
    "merged_array": [
        938.7798699911496,
        382.09173863948484,
        1359.935300759911,
        1414.441358684042,
        1499.16074098941,
        353.22122867519147,
        1540.78798791467,
        1854.9760429700614,
        1374.6452223273416,
        770.8365123447371,
        237.73918881801814,
        1419.0496536149176,
        1664.113284707175,
        634.3882564775536,
        430.5551316873684,
        1782.769249549852,
        1186.8953520310067,
        927.6100955229347,
        455.97705008087405,
        336.771752067629,
        1693.746757408368,
        516.4952543717765,
        1093.9970091860714,
        959.9597155674917,
        1827.8145695364237,
        798.4252449110386,
        1403.5157322916348
    ],
    "sum_grouped_array": 28858.699301126126,
    "sum_initial_array": 29466.59749137852,
    "sum_without_duplicates": 29466.59749137852,
    "unique_array": [
        665.7307657094027,
        273.0491042817469,
        71.41331217383343,
        310.6784264656514,
        702.8412732322154,
        657.0940275276955,
        521.011993774224,
        893.4293649098179,
        951.5060884426405,
        547.6546525467696,
        58.687093722342595,
        294.5341349528489,
        777.8252510147404,
        762.9627368999297,
        980.5902279732658,
        874.3858149967956,
        855.2201910458693,
        519.4250312814722,
        426.7708365123448,
        344.06567583239234,
        156.25476851710562,
        81.4844203009125,
        557.6647236548968,
        861.3849299600208,
        790.2768028809472,
        873.8364818262277,
        341.89886165959655,
        292.4893948179571,
        342.53975035859247,
        88.0153813287759,
        861.4764854884488,
        921.2927640614032,
        872.4021118808557,
        314.49324015015105,
        540.8795434430982,
        386.7305520798364,
        224.8908963286233,
        231.08615375225074,
        206.366161076693,
        130.40559099093602,
        814.081240272225,
        879.6655171361431,
        381.54240546891685,
        134.95284890285959,
        532.486953337199,
        561.5100558488724,
        725.3334147160253,
        234.6263008514664,
        944.2121646778771,
        883.6024048585467,
        18.89095736564226,
        779.5342875453963,
        417.4321726126896,
        986.0835596789452,
        607.8981902523881
    ]
}